{
  "calls": 10,
  "recordings_total": 6,
  "downloaded_ok": 5,
  "failed": 1,
  "bytes_downloaded": 12631727,
  "runtime_s": 145.63011240959167,
  "throughput_mbps": 0.08272021089892358
}