{
  "calls": 16,
  "recordings_total": 2,
  "downloaded_ok": 1,
  "failed": 1,
  "bytes_downloaded": 1153480,
  "runtime_s": 166.497985124588,
  "throughput_mbps": 0.006606952328372828
}